rank,uri,artist_names,track_name,source,peak_rank,previous_rank,weeks_on_chart,streams,artist_genre,artist_popularity
1,spotify:track:6pD0ufEQq0xdHSsRbg9LBK,"Grupo Frontera, Bad Bunny",un x100to,Rimas Entertainment LLC.,1,2,3,56685409,musica chihuahuense,83
2,spotify:track:3qQbCzHBycnDpGskqOWY0E,"Eslabon Armado, Peso Pluma",Ella Baila Sola,DEL Records,1,1,7,52068600,corrido,77
3,spotify:track:2UW7JaomAMuX9pZrjVpHAU,"Yng Lvcas, Peso Pluma",La Bebe - Remix,WM Mexico,3,3,7,39900857,reggaeton,70
4,spotify:track:4DHcnVTT87F0zZhRPYmZ3B,Miley Cyrus,Flowers,Columbia,1,4,16,34214309,pop,82
5,spotify:track:7FbrGaHYVDmfr7KoLIZnQ7,FIFTY FIFTY,Cupid - Twin Ver.,WM Korea,5,9,7,34041963,k-pop girl group,69
6,spotify:track:1Qrg8KqiBpW07V7PNxwwwL,SZA,Kill Bill,Top Dawg Entertainment/RCA Records,1,7,21,28933804,pop,87
7,spotify:track:1odExI7RdWc4BT515LTAwj,David Kushner,Daylight,"Miserable Music Group, LLC",5,5,3,28822961,gen z singer-songwriter,75
8,spotify:track:0DWdj2oZMBFSzRsi2Cvfzf,"KAROL G, Shakira",TQG,Universal Music Latino,1,6,10,25537678,reggaeton,88
9,spotify:track:2mpoNBkngUEwnaKoBhZ0vl,"Peso Pluma, Natanael Cano",PRC,Prajin Parlay Inc dba Prajin Records / Rancho Humilde / Los CT,9,11,14,24489499,corridos tumbados,90
10,spotify:track:4Dvkj6JhhA12EX05fT7y2e,Harry Styles,As It Was,Columbia,1,12,57,24485406,pop,83
11,spotify:track:6XSqqQIy7Lm7SnwxS4NrGx,"Feid, Young Miko",Classy 101,UMLE - Latino,8,8,5,22958683,colombian pop,88
12,spotify:track:609E1JCInJncactoMmkDon,"ROSALÍA, Rauw Alejandro",BESO,Columbia Records/Duars Entertainment/Sony Music Latin,5,10,6,22875679,latin viral pop,78
13,spotify:track:2dHHgzDwk4BJdRwy9uXhTO,"Metro Boomin, The Weeknd, 21 Savage",Creepin' (with The Weeknd & 21 Savage),Republic Records,2,14,22,21974908,rap,85
14,spotify:track:1haJsMtoBhHfvuM7XWuT3W,"Junior H, Peso Pluma",El Azul,WEA Latina,14,20,10,21840753,corrido,88
15,spotify:track:4W4fNrZYkobj539TOWsLO2,"The Weeknd, Ariana Grande",Die For You (with Ariana Grande) - Remix,XO / Republic Records,2,15,10,21813620,canadian contemporary r&b,92
16,spotify:track:6AQbmUe0Qwf5PZnt4HmTXv,"PinkPantheress, Ice Spice",Boy's a liar Pt. 2,Warner Records,3,13,13,21466967,bedroom pop,76
17,spotify:track:1s7oOCT8vauUh01PbJD6ps,"Rema, Selena Gomez",Calm Down (with Selena Gomez),Mavin Records / Jonzing World,9,17,36,21435588,afrobeats,77
18,spotify:track:1lRtH4FszTrwwlK5gTSbXO,"Natanael Cano, Peso Pluma, Gabito Ballesteros",AMG,WEA Latina,18,18,17,21332258,corrido,85
19,spotify:track:7KA4W4McWYRpgf0fWsJZWB,"Tyler, The Creator, Kali Uchis",See You Again (feat. Kali Uchis),Columbia,19,22,10,20536166,hip hop,82
20,spotify:track:4FAKtPVycI4DxoOHC01YqD,"Yandel, Feid",Yandel 150,La Leyenda LLC,8,19,17,19890132,latin hip hop,76
21,spotify:track:0V3wPSX9ygBnCm8psDIegu,Taylor Swift,Anti-Hero,Taylor Swift,1,24,28,18169861,pop,100
22,spotify:track:2LBqCSwhJGcFQeTHMVGwy3,The Weeknd,Die For You,Universal Republic Records,12,23,64,17955793,canadian contemporary r&b,92
23,spotify:track:4uUG5RXrOk84mYEfFvj3cK,"David Guetta, Bebe Rexha",I'm Good (Blue),Parlophone UK,2,26,36,17605000,big room,85
24,spotify:track:7K3BhSpAxZBznislvUMVtn,Morgan Wallen,Last Night,Big Loud Records / Mercury Records / Republic Records,14,25,13,17211030,contemporary country,85
25,spotify:track:2VzCjpKvPB1l1tqLndtAQa,Peso Pluma,Por las Noches,El Cártel de Los Ángeles,25,30,10,17026699,corridos tumbados,90
26,spotify:track:5XeFesFbtLpXzIVDNQP22n,Arctic Monkeys,I Wanna Be Yours,Domino Recording Co,26,29,43,16748202,garage rock,84
27,spotify:track:7MXVkk9YMctZqd1Srtv4MB,"The Weeknd, Daft Punk",Starboy,Universal Republic Records,1,28,135,16496475,canadian contemporary r&b,92
28,spotify:track:4nrPB8O7Y7wsOCJdgXkthe,"Bizarrap, Shakira","Shakira: Bzrp Music Sessions, Vol. 53",DALE PLAY Records,2,27,17,16295776,argentine hip hop,83
29,spotify:track:78Sw5GDo6AlGwTwanjXbGh,d4vd,Here With Me,Darkroom/Interscope Records,14,32,27,16283792,bedroom pop,76
30,spotify:track:69CrOS7vEHIrhC2ILyEi0s,JISOO,FLOWER,YG Entertainment/Interscope Records,10,39,5,16107468,k-pop,65
31,spotify:track:5odlY52u43F5BjByhxg7wg,JVKE,golden hour,JVKE,14,33,36,15943288,modern indie pop,75
32,spotify:track:4VMRsbfZzd3SfQtaJ1Wpwi,"The Weeknd, Future",Double Fantasy (with Future),Republic Records,16,16,2,15908430,canadian contemporary r&b,92
33,spotify:track:0NZPBYD5qbEWRs3PrGiRkT,"Sam Smith, Kim Petras",Unholy (feat. Kim Petras),Capitol Records UK / EMI,1,31,32,15869464,pop,82
34,spotify:track:1Y3LN4zO1Edc2EluIoSPJN,"Stephen Sanchez, Em Beihold",Until I Found You (with Em Beihold) - Em Beihold Version,Republic Records,10,40,22,15761411,gen z singer-songwriter,73
35,spotify:track:7jtQIBanIiJOMS6RyCx6jZ,Tom Odell,Another Love,ITNO/Columbia,15,36,108,15573408,chill pop,75
36,spotify:track:4fYte8ZvTK14NEhAOZocBi,OneRepublic,I Ain't Worried,Interscope Records,7,41,48,15337019,piano rock,80
37,spotify:track:3kf0WdFOalKWBkCCLJo4mA,Chino Pacas,El Gordo Trae El Mando,STREET MOB,37,47,12,15118934,corrido,76
38,spotify:track:3tt9i3Hhzq84dPS8H7iSiJ,Manuel Turizo,La Bachata,Sony Music Latin/La Industria,4,42,44,14710159,colombian pop,80
39,spotify:track:0JmnkIqdlnUzPaf8sqBRs3,Kali Uchis,Moonlight,Geffen Records,39,53,8,14461346,colombian pop,81
40,spotify:track:561jH07mF1jHuk7KlaeF0s,Eminem,Mockingbird,Aftermath,24,45,29,14245763,detroit hip hop,87
41,spotify:track:2tTmW7RDtMQtBk7m2rYeSw,"Bizarrap, Quevedo","Quevedo: Bzrp Music Sessions, Vol. 52",DALE PLAY Records,1,43,43,14182121,argentine hip hop,83
42,spotify:track:3Ua0m0YmEjrMi9XErKcNiR,Jimin,Like Crazy,BIGHIT MUSIC,15,38,6,14167044,k-pop,81
43,spotify:track:26b3oVLrRUaaybJulow9kz,Libianca,People,5K Records Limited,43,52,16,14126227,afrobeats,67
44,spotify:track:4bjN59DRXFRxBE1g5ne6B1,Agust D,Haegeum,BIGHIT MUSIC,21,21,2,14090319,k-rap,71
45,spotify:track:1daDRI9ahBonbWD8YcxOIB,Miley Cyrus,Angels Like You,RCA Records Label,45,81,7,13993748,pop,82
46,spotify:track:7aRCf5cLOFN1U7kvtChY1G,Drake,Search & Rescue,OVO/Republic Records,7,34,4,13914452,canadian hip hop,95
47,spotify:track:1zsPaEkglFvxjAhrM8yhpr,"Ozuna, Feid",Hey Mor,Aura Music Corp.,14,37,29,13850687,puerto rican pop,84
48,spotify:track:5w40ZYhbBMAlHYNDaVJIUu,Post Malone,Chemical,Mercury Records/Republic Records,18,35,3,13837580,dfw rap,86
49,spotify:track:5mHdCZtVyb4DcJw8799hZp,"RAYE, 070 Shake",Escapism.,Human Re Sources,10,48,23,13673349,uk contemporary r&b,78
50,spotify:track:0PB0O24JqAuNdOAFVJljMS,"Eladio Carrion, Bad Bunny",Coco Chanel,Rimas Entertainment LLC,13,44,7,13354492,trap boricua,80
51,spotify:track:0IKeDy5bT9G0bA7ZixRT4A,"Fuerza Regida, Grupo Frontera",Bebe Dame,Rancho Humilde/Street Mob Records,20,50,18,13213372,corrido,86
52,spotify:track:5RcxRGvmYai7kpFSfxe5GY,"Becky G, Peso Pluma",CHANEL,Kemosabe Records/RCA Records,49,49,4,13156298,latin pop,77
53,spotify:track:7MVIfkyzuUmQ716j8U7yGR,"Taiu, Milo j",Rara Vez,Universal Music Argentina S.A.,40,46,10,12991098,trap argentino,68
54,spotify:track:65FftemJ1DbbZ45DUfHJXE,NewJeans,OMG,ADOR,14,55,18,12979827,k-pop,80
55,spotify:track:0VjIjW4GlUZAMYd2vXMi3b,The Weeknd,Blinding Lights,Republic Records,1,60,179,12881934,canadian contemporary r&b,92
56,spotify:track:6Sq7ltF9Qa7SNFBsV5Cogx,"Bad Bunny, Chencho Corleone",Me Porto Bonito,Rimas Entertainment LLC,2,56,52,12677127,reggaeton,95
57,spotify:track:54ipXppHLA8U4yqpOFTUhr,Imagine Dragons,Bones,Kid Ina Korner / Interscope,26,58,60,12589455,modern rock,84
58,spotify:track:6UN73IYd0hZxLi8wFPMQij,Coi Leray,Players,Uptown / Republic Records,20,57,15,12433955,new jersey underground rap,72
59,spotify:track:4iZ4pt7kvcaH6Yo8UoZ4s2,SZA,Snooze,Top Dawg Entertainment/RCA Records,32,59,19,12386889,pop,87
60,spotify:track:2QjOHCTQ1Jl3zawyYOpxh6,The Neighbourhood,Sweater Weather,Columbia,19,61,140,12348471,modern alternative rock,81
61,spotify:track:1BxfuPKGuaTgP7aM0Bbdwr,Taylor Swift,Cruel Summer,Taylor Swift,16,67,13,12311966,pop,100
62,spotify:track:6Um358vY92UBv5DloTRX9L,"Carin Leon, Grupo Frontera",Que Vuelvas,BorderKid Records/Sony Music Latin,36,65,18,12083271,corrido,84
63,spotify:track:0UbesRsX2TtiCeamOIVEkp,"Fuerza Regida, Natanael Cano",Ch y la Pizza,Rancho Humilde/Street Mob Records,49,63,15,11951643,corrido,86
64,spotify:track:567e29TDzLwZwfDuEpGTwo,"The Kid LAROI, Justin Bieber",STAY (with Justin Bieber),Columbia,1,69,95,11800816,australian hip hop,81
65,spotify:track:6TBzRwnX2oYd8aOrOuyK1p,"Oscar Maydon, Junior H",Fin de Semana,Rancho Humilde,45,64,16,11768048,corrido,74
66,spotify:track:2mnXxnrX5vCGolNkaFvVeM,"Arcángel, Bad Bunny",La Jumpa,Rimas Entertainment LLC.,8,51,22,11675095,latin hip hop,81
67,spotify:track:5eTaQYBE1yrActixMAeLcZ,"Calvin Harris, Ellie Goulding",Miracle (with Ellie Goulding),Columbia,67,73,8,11621006,dance pop,82
68,spotify:track:2CeKVsFFXG4QzA415QygGb,Feid,Feliz Cumpleaños Ferxxo,UMLE - Latino,32,66,37,11592878,colombian pop,88
69,spotify:track:1u8c2t2Cy7UBoG4ArRcF5g,Taylor Swift,Blank Space,"Big Machine Records, LLC",69,75,73,11202130,pop,100
70,spotify:track:4JdSXF2p71cr8uCY3UiJM0,"Yahritza Y Su Esencia, Grupo Frontera",Frágil,Lumbre Music/Columbia,70,83,3,11067033,sad sierreno,67
71,spotify:track:2eAvDnpXP5W0cVtiI0PUxV,Ruth B.,Dandelions,Columbia,34,93,90,11047375,alt z,70
72,spotify:track:0JXXNGljqupsJaZsgSbMZV,Miguel,Sure Thing,Jive,14,62,21,11015332,r&b,77
73,spotify:track:51FvjPEGKq2zByeeEQ43V9,"Marshmello, Manuel Turizo",El Merengue,Sony Music Latin,59,70,9,10960541,brostep,82
74,spotify:track:4hy7qTxsnyZUZoqo5RtaYq,Ed Sheeran,Eyes Closed,Atlantic Records UK,27,68,6,10904961,pop,86
75,spotify:track:5IgjP7X4th6nMNDh4akUHb,Chris Brown,Under The Influence,Chris Brown Entertainment/RCA Records,6,80,41,10866443,pop rap,85
76,spotify:track:3k3NWokhRRkEPhCzPmV8TW,"Bad Bunny, Bomba Estéreo",Ojitos Lindos,Rimas Entertainment LLC,3,74,52,10792057,reggaeton,95
77,spotify:track:5wG3HvLhF6Y5KTGlK0IW3J,"Metro Boomin, Travis Scott, Young Thug",Trance (with Travis Scott & Young Thug),Republic Records,65,77,10,10787780,rap,85
78,spotify:track:2L9N0zZnd37dwF0clgxMGI,Lizzy McAlpine,ceilings,Harbour Artists & Music,35,79,11,10770003,alt z,70
79,spotify:track:6unndO70DvZfnXYcYQMyQJ,Labrinth,Never Felt So Alone,Columbia,37,71,4,10725598,indie poptimism,76
80,spotify:track:1xK59OXxi2TAAAbmZK0kBL,d4vd,Romantic Homicide,Darkroom/Interscope Records,17,78,35,10703891,bedroom pop,76
81,spotify:track:3USxtqRwSYz57Ewm6wWRMp,Glass Animals,Heat Waves,Polydor Records,1,87,123,10555312,gauze pop,72
82,spotify:track:0CYTGMBYkwUxrj1MWDLrC5,Feid,CHORRITO PA LAS ANIMAS,UMLE - Latino,42,86,19,10533519,colombian pop,88
83,spotify:track:3AOf6YEpxQ894FmrwI9k96,SEVENTEEN,Super,PLEDIS Entertainment,83,-1,1,10509298,k-pop,78
84,spotify:track:7j4OmvkjRz0PrjFADlHfQx,Adele,Set Fire to the Rain,XL Recordings,61,109,21,10437653,british soul,83
85,spotify:track:7qEHsqek33rTcFNT9PFqLf,Lewis Capaldi,Someone You Loved,Vertigo Berlin,4,96,225,10430850,pop,78
86,spotify:track:37F0uwRSrdzkBiuj0D5UHI,The Weeknd,Reminder,Universal Republic Records,65,84,21,10423388,canadian contemporary r&b,92
87,spotify:track:7Lkxvfl2rkNYWS4kBDCQtN,"Peso Pluma, Blessd",Las Morras,Prajin Parlay Inc dba Prajina Records / Worms Music / Warner Music Colombia / Warner Music Latina / JM WORLD MUSIC / CIGOL,87,89,3,10422093,corridos tumbados,90
88,spotify:track:1mea3bSkSGXuIRvnydlB5b,Coldplay,Viva La Vida,Parlophone UK,88,100,36,10355616,permanent wave,85
89,spotify:track:3BKD1PwArikchz2Zrlp1qi,"David Guetta, Anne-Marie, Coi Leray",Baby Don't Hurt Me,Parlophone UK,89,105,4,10348263,big room,85
90,spotify:track:50x1Ic8CaXkYNvjmxe3WXy,New West,Those Eyes,Republic Records,86,116,18,10297663,toronto indie,68
91,spotify:track:0u2P5u6lvoDfwTYjAADbn4,"Billie Eilish, Khalid",lovely (with Khalid),Darkroom,24,97,263,10293453,art pop,86
92,spotify:track:70t7Q6AYG6ZgTYmJWcnkUM,IVE,I AM,Starship Entertainment,71,72,3,10159329,k-pop girl group,74
93,spotify:track:3tiJUOfAEqIrLFRQgGgdoY,"Big One, FMK, Ke Personajes",Un Finde | CROSSOVER #2,Fifty One,85,85,4,10158699,trap argentino,73
94,spotify:track:04ndZkbKGthTgYSv3xS7en,TINI,Cupido,5020 Records,49,76,11,10153672,latin pop,76
95,spotify:track:0vjeOZ3Ft5jvAi9SBFJm1j,"Metro Boomin, Future, Chris Brown",Superhero (Heroes & Villains) [with Future & Chris Brown],Republic Records,15,98,22,10146813,rap,85
96,spotify:track:4uqJelb9THHmJ3OCohg4ZJ,"AgroPlay, Ana Castela",Nosso Quadro,AgroPlay,50,118,11,10119469,agronejo,66
97,spotify:track:68Dni7IE4VyPkTOH9mRWHr,J. Cole,No Role Modelz,Roc Nation Records LLC,76,104,93,10104192,conscious hip hop,84
98,spotify:track:0ug5NqcwcFR2xrfTkc7k8e,Taylor Swift,Style,"Big Machine Records, LLC",98,112,7,10083843,pop,100
99,spotify:track:6otePxalBK8AVa20xhZYVQ,KAROL G,MIENTRAS ME CURO DEL CORA,Universal Music Latino,42,90,10,10077665,reggaeton,88
100,spotify:track:4R2kfaDFhslZEMJqAFNpdd,Taylor Swift,cardigan,Taylor Swift,1,106,19,10007059,pop,100
101,spotify:track:2HbKqm4o0w5wEeEFXm2sD4,"Kendrick Lamar, Jay Rock",Money Trees,Aftermath,101,125,16,9963957,conscious hip hop,86
102,spotify:track:0tgVpDi06FyKpA1z0VMD4v,Ed Sheeran,Perfect,Atlantic Records UK,4,111,320,9909233,pop,86
103,spotify:track:3Gs7mVfWKl567mjozgxmXv,"Feid, Sean Paul",Niña Bonita,UMLE - Latino,103,146,2,9849531,colombian pop,88
104,spotify:track:4FyesJzVpA39hbYvcseO2d,Lil Uzi Vert,Just Wanna Rock,Generation Now/Atlantic,30,101,28,9822060,hip hop,83
105,spotify:track:1IHWl5LamUGEuP4ozKQSXZ,Bad Bunny,Tití Me Preguntó,Rimas Entertainment LLC,4,99,52,9796728,reggaeton,95
106,spotify:track:4k6Uh1HXdhtusDW5y8Gbvy,Steve Lacy,Bad Habit,L-M Records/RCA Records,10,103,43,9775421,afrofuturism,79
107,spotify:track:7ovUcF5uHTBRzUpB6ZOmvt,YOASOBI,アイドル,YOASOBI,95,95,3,9774189,j-pop,75
108,spotify:track:4NoOME4Dhf4xgxbHDT7VGe,"KAROL G, Romeo Santos",X SI VOLVEMOS,Universal Music Latino,13,94,13,9765282,reggaeton,88
109,spotify:track:3AJwUDP919kvQ9QcozQPxg,Coldplay,Yellow,Parlophone UK,56,107,124,9754783,permanent wave,85
110,spotify:track:6JIC3hbC28JZKZ8AlAqX8h,"Elton John, Dua Lipa, PNAU",Cold Heart - PNAU Remix,EMI,4,110,90,9749706,glam rock,80
111,spotify:track:1DxEbt6OSbrkRthk6pjZue,"LiL CaKe, Migrantes, Nico Valdi",MERCHO,Sony Music Argentina,41,82,14,9668985,trap argentino,61
112,spotify:track:7KokYm8cMIXCsGVmUvKtqf,Taylor Swift,Karma,Taylor Swift,8,151,10,9630010,pop,100
113,spotify:track:0pqnGHJpmpxLKifKRmU6WP,Imagine Dragons,Believer,Kid Ina Korner / Interscope,16,128,326,9601350,modern rock,84
114,spotify:track:55ZATsjPlTeSTNJOuW90pW,"Cartel De Santa, La Kelly",Shorty Party,"Babilonia Music, S.A. De C.V.",16,91,9,9597108,latin hip hop,74
115,spotify:track:0ZxhtATQ0a6EvQNZ0z6NKV,"Ice Spice, Nicki Minaj",Princess Diana (with Nicki Minaj),10K Projects/Capitol Records,70,129,3,9522907,bronx drill,76
116,spotify:track:7yq4Qj7cqayVTp3FF9CWbm,Vance Joy,Riptide,Atlantic Records,85,114,116,9510472,folk-pop,72
117,spotify:track:58ge6dfP91o9oXMzq3XkIS,Arctic Monkeys,505,Domino/Warner Records,43,120,70,9502550,garage rock,84
118,spotify:track:76OGwb5RA9h4FxQPT33ekc,Rosa Linn,SNAP,Columbia,16,124,43,9488237,alt z,67
119,spotify:track:1bDbXMyjaUIooNwFE9wn0N,"Drake, 21 Savage",Rich Flex,OVO / Republic Records,2,113,26,9433213,canadian hip hop,95
120,spotify:track:7lQ8MOhq6IN2w8EYcFNSUk,Eminem,Without Me,Aftermath,31,122,84,9411823,detroit hip hop,87
121,spotify:track:1piak4R3yW4otWWyaSqyCH,"Junior H, Peso Pluma, Gabito Ballesteros",El Tsurito,WEA Latina,102,102,3,9388705,corrido,88
122,spotify:track:0WoVfPjxsf9MTvPt9ptqeE,NLE Choppa,SLUT ME OUT,Warner Records,71,88,5,9362084,memphis hip hop,77
123,spotify:track:0T2pB7P1VdXPhLdQZ488uH,Feid,Normal,UMLE - Latino,57,117,39,9302680,colombian pop,88
124,spotify:track:5Eax0qFko2dh7Rl2lYs3bx,Bad Bunny,Efecto,Rimas Entertainment LLC,6,123,52,9258457,reggaeton,95
125,spotify:track:1R0a2iXumgCiFb7HEZ7gUE,Taylor Swift,Don’t Blame Me,"Big Machine Records, LLC",72,127,37,9227840,pop,100
126,spotify:track:3r8RuvgbX9s7ammBn07D3W,NewJeans,Ditto,ADOR,11,126,20,9129975,k-pop,80
127,spotify:track:22skzmqfdWrjJylampe0kt,"Macklemore & Ryan Lewis, Macklemore, Ryan Lewis, Ray Dalton",Can't Hold Us (feat. Ray Dalton),Macklemore,107,136,64,9019394,pop rap,71
128,spotify:track:6dgUya35uo964z7GZXM07g,Sabrina Carpenter,Nonsense,Island Records,17,130,16,8983667,pop,78
129,spotify:track:0ll8uFnc0nANY35E0Lfxvg,Keane,Somewhere Only We Know,Interscope,120,167,28,8939195,neo mellow,70
130,spotify:track:1FEiijYPJtyswChfcpv3p0,Lana Del Rey,Summertime Sadness,Urban,94,139,38,8934038,art pop,88
131,spotify:track:5QO79kh1waicV47BqGRL3g,The Weeknd,Save Your Tears,Republic Records,2,135,126,8931592,canadian contemporary r&b,92
132,spotify:track:4P9Q0GojKVXpRTJCaL3kyy,Taylor Swift,All Of The Girls You Loved Before,Taylor Swift,12,108,7,8922246,pop,100
133,spotify:track:5mg3VB3Qh7jcR5kAAC4DSV,FIFTY FIFTY,Cupid,WM Korea,133,168,5,8890771,k-pop girl group,69
134,spotify:track:5O2P9iiztwhomNh8xkR9lJ,One Direction,Night Changes,Syco Music,108,143,48,8839620,boy band,81
135,spotify:track:6I3mqTwhRpn34SLVafSH7G,Justin Bieber,Ghost,RBMG/Def Jam,11,133,85,8823286,canadian pop,87
136,spotify:track:4WiQA1AGWHFvaxBU6bHghs,Quevedo,PUNTO G,Quevedo,32,119,26,8814310,rap canario,83
137,spotify:track:3sqrvkNC6IPTIXvvbx9Arw,Taylor Swift,Enchanted,"Big Machine Records, LLC",61,144,18,8791478,pop,100
138,spotify:track:6UelLqGlWMcVH1E5c4H7lY,Harry Styles,Watermelon Sugar,Columbia,4,142,181,8734503,pop,83
139,spotify:track:3HqcNJdZ2seoGxhn0wVNDK,KAROL G,PROVENZA,Universal Music Latino,6,140,54,8720751,reggaeton,88
140,spotify:track:17js0w8GTkTUFGFM6PYvBd,"Fuerza Regida, Peso Pluma",Igualito a Mi Apá,Rancho Humilde/Street Mob Records,140,147,3,8690844,corrido,86
141,spotify:track:6VhuP99TE6gYNQRJIlAWFD,Stephen Sanchez,Until I Found You,Republic Records,20,172,52,8681403,gen z singer-songwriter,73
142,spotify:track:53tfEupEzQRtVFOeZvk7xq,ROSALÍA,DESPECHÁ,Columbia,5,149,40,8678894,latin viral pop,78
143,spotify:track:3hxIUxnT27p5WcmjGUXNwx,Hotel Ugly,Shut up My Moms Calling,"Hotel Ugly, under exclusive license to Amuseio AB",89,163,24,8641201,modern indie pop,73
144,spotify:track:2J2Z1SkXYghSajLibnQHOa,Sia,Unstoppable,Monkey Puzzle Records/RCA Records,96,159,64,8553414,australian dance,82
145,spotify:track:0RiRZpuVRbi7oqRdSMwhQY,"Post Malone, Swae Lee",Sunflower - Spider-Man: Into the Spider-Verse,Republic Records,1,155,230,8549158,dfw rap,86
146,spotify:track:2tpWsVSb9UEmDRxAl1zhX1,OneRepublic,Counting Stars,Mosley / Interscope,101,160,107,8540893,piano rock,80
147,spotify:track:0QHEIqNKsMoOY5urbzN48u,Meghan Trainor,Made You Look,Epic,8,141,28,8502194,hip pop,75
148,spotify:track:6dBUzqjtbnIa1TwYbyw5CM,TV Girl,Lovers Rock,TV Girl,148,166,8,8473578,pov: indie,78
149,spotify:track:5jQI2r1RdgtuT8S3iG8zFC,Taylor Swift,Lavender Haze,Taylor Swift,2,115,28,8463845,pop,100
150,spotify:track:1zi7xx7UVEFkmKfv06H8x0,"Drake, Wizkid, Kyla",One Dance,Cash Money Records/Young Money Ent./Universal Rec.,12,157,141,8454920,canadian hip hop,95
151,spotify:track:3AVrVz5rK8Hrqo9YGiVGN5,Cigarettes After Sex,Apocalypse,Partisan Records,89,154,43,8412361,ambient pop,79
152,spotify:track:41JPN7pZMTp1sumBOHOzHd,"Agust D, IU",People Pt.2 (feat. IU),BIGHIT MUSIC,27,54,4,8388359,k-rap,71
153,spotify:track:1zv3WFUbZ5vPxFq9I2jAU1,"Rihanna, Calvin Harris",We Found Love,Def Jam Recordings,59,156,12,8376517,barbadian pop,87
154,spotify:track:0u8rZGtXJrLtiSe34FPjGG,Jimin,Like Crazy (English Version),BIGHIT MUSIC,26,121,6,8360020,k-pop,81
155,spotify:track:2Hh3ETdQKrmSI3QS0hme7g,"Metro Boomin, Future, Don Toliver",Too Many Nights (feat. Don Toliver & with Future),Republic Records,33,148,11,8354005,rap,85
156,spotify:track:0FA4wrjDJvJTTU8AepZTup,"Lil Uzi Vert, sped up nightcore, ARIZONATEARS",Watch This - ARIZONATEARS Pluggnb Remix,sped up nightcore,54,134,11,8321283,hip hop,83
157,spotify:track:0B7wvvmu9EISAwZnOpjhNI,Bruno Mars,When I Was Your Man,Atlantic Records,72,153,36,8312253,dance pop,86
158,spotify:track:5gDWsRxpJ2lZAffh5p7K0w,"The Weeknd, Lana Del Rey",Stargirl Interlude,Universal Republic Records,111,152,40,8300708,canadian contemporary r&b,92
159,spotify:track:5qaEfEh1AtSdrdrByCP7qR,Imagine Dragons,Demons,Kid Ina Korner / Interscope,147,150,26,8287464,modern rock,84
160,spotify:track:4ewazQLXFTDC8XvCbhvtXs,Joji,Glimpse of Us,88rising Music/Warner Records,1,161,47,8262211,viral pop,78
161,spotify:track:2WfaOiMkCvy7F5fcp2zZ8L,a-ha,Take on Me,Rhino,161,-1,4,8200808,new romantic,69
162,spotify:track:3PH1nUysW7ybo3Yu8sqlPN,"Israel & Rodolffo, Mari Fernandez",Seu Brilho Sumiu - Ao Vivo,Som Livre,162,-1,1,8161640,agronejo,73
163,spotify:track:4RvWPyQ5RL0ao9LPZeSouE,Tears For Fears,Everybody Wants To Rule The World,UMC (Universal Music Catalogue),105,174,34,8157371,new romantic,72
164,spotify:track:7gRFDGEzF9UkBV233yv2dc,BLACKPINK,Shut Down,YG Entertainment/Interscope Records,1,164,31,8155707,k-pop,80
165,spotify:track:1Lo0QY9cvc8sUB2vnIOxDT,Luke Combs,Fast Car,River House Artists/Columbia Nashville,126,193,4,8151824,contemporary country,81
166,spotify:track:4w9soAM7IrmYDhSXLp14p6,Jack Black,Peaches,Back Lot Music,64,92,4,8143227,comedy rock,53
167,spotify:track:3B228N0GxfUCwPyfNcJxps,sped up 8282,Cupid – Twin Ver. (FIFTY FIFTY) – Sped Up Version,WM Korea,167,-1,1,8138631,sped up,55
168,spotify:track:086myS9r57YsLbJpU0TgK9,Arctic Monkeys,Why'd You Only Call Me When You're High?,Domino Recording Co,104,158,76,8137216,garage rock,84
169,spotify:track:46IZ0fSY2mpAiktS3KOqds,Adele,Easy On Me,Columbia,1,170,81,8134370,british soul,83
170,spotify:track:7qiZfU4dY1lWllzX7mPBI3,Ed Sheeran,Shape of You,Atlantic Records UK,1,187,315,8090678,pop,86
171,spotify:track:1cKHdTo9u0ZymJdPGSh6nq,"The Weeknd, Gesaffelstein",I Was Never There,Universal Republic Records,17,162,48,8087366,canadian contemporary r&b,92
172,spotify:track:0kzN7YAMSbmlHOvxlbQW9y,"Grupo Marca Registrada, Grupo Frontera",Di Que Si,"RB Music, Inc. (RB Music/Grupo Marca Registrada)",124,180,4,8060081,corrido,77
173,spotify:track:4aJzxp3gimtAdgJn3DL776,"Jhayco, Quevedo",Mami Chula,N&E Entertainment LLC,173,-1,1,8057406,reggaeton,81
174,spotify:track:3azJifCSqg9fRij2yKIbWz,Tory Lanez,The Color Violet,One Umbrella Records,70,165,18,8047566,canadian hip hop,79
175,spotify:track:3F5CgOj3wFlRv51JsHbxhe,"Drake, 21 Savage",Jimmy Cooks (feat. 21 Savage),OVO,7,175,46,8035891,canadian hip hop,95
176,spotify:track:3yfqSUWxFvZELEM4PmlwIR,Eminem,The Real Slim Shady,Interscope,51,177,100,8033088,detroit hip hop,87
177,spotify:track:23Lyy7ZXRvzfgH4JtDkKrX,Grupo Frontera,No Se Va - EN VIVO,Grupo Frontera,36,145,29,8027424,musica chihuahuense,83
178,spotify:track:09mEdoA6zrmBPgTEN5qXmN,The Weeknd,Call Out My Name,Universal Republic Records,1,176,80,8022495,canadian contemporary r&b,92
179,spotify:track:3ktTWpYdXrYApH54cBo4Ap,"Matuê, Rich The Kid",Conexões de Máfia (feat. Rich The Kid),Sony Music Entertainment,179,-1,1,8011413,r&b brasileiro,72
180,spotify:track:4LreWoO3cpgiIfrRwbOUSF,"Peso Pluma, Jasiel Nuñez",Rosa Pastel,Double P Records / Prajin Parlay Inc,180,-1,1,7986836,corridos tumbados,90
181,spotify:track:36gcliMRX1vCpgnrZE3dFZ,"Tiësto, Tate McRae",10:35,Atlantic Records,55,131,20,7964184,big room,80
182,spotify:track:2ksyzVfU0WJoBpu8otr4pz,INTERWORLD,METAMORPHOSIS,INTERWORLD,96,169,20,7943855,phonk brasileiro,70
183,spotify:track:51pxwIxDVCbFHW8oyJFQXD,Simone Mendes,Erro Gostoso - Ao Vivo,Universal Music Ltda.,183,-1,1,7893050,sertanejo,75
184,spotify:track:59hBR0BCtJsfIbV9VzCVAp,Jimin,Set Me Free Pt.2,BIGHIT MUSIC,14,178,7,7889062,k-pop,81
185,spotify:track:26cvTWJq2E1QqN4jyH2OTU,Anggi Marito,Tak Segampang Itu,PT. Universal Music Indonesia,185,-1,1,7886815,indonesian pop,63
186,spotify:track:5FVd6KXrgO9B3JPmC8OPst,Arctic Monkeys,Do I Wanna Know?,Domino Recording Co,98,179,85,7879654,garage rock,84
187,spotify:track:3dYD57lRAUcMHufyqn9GcI,Hozier,Take Me to Church,Columbia,108,181,102,7859540,irish singer-songwriter,80
188,spotify:track:1xzi1Jcr7mEi9K2RfzLOqS,Beyoncé,CUFF IT,Parkwood Entertainment/Columbia,13,182,37,7760620,pop,82
189,spotify:track:3xKsf9qdS1CyvXSMEid6g8,Frank Ocean,Pink + White,Boys Don't Cry,151,184,3,7749957,lgbtq+ hip hop,82
190,spotify:track:3xWGA8pa0IKFI7IMPri4P0,Ed Sheeran,Shivers,Atlantic Records UK,4,192,86,7721821,pop,86
191,spotify:track:4ygQ5wSuzzNRevVjup1qV2,"Luis R Conriquez, Tony Aguirre, Peso Pluma",El Gavilán,Kartel Music / Prajin Music,185,185,3,7707083,corrido,78
192,spotify:track:4woTEX1wYOTGDqNXuavlRC,"Eminem, Dina Rae",Superman,Aftermath,108,183,31,7687507,detroit hip hop,87
193,spotify:track:54ELExv56KCAB4UP9cOCzC,"Ñengo Flow, Bad Bunny",Gato de Noche,Rimas Entertainment LLC,25,171,19,7627959,reggaeton,78
194,spotify:track:7fBv7CLKzipRk6EC6TWHOB,The Weeknd,The Hills,Universal Republic Records,52,188,87,7598345,canadian contemporary r&b,92
195,spotify:track:4h4QlmocP3IuwYEj2j14p8,"Nicky Youre, dazy",Sunroof,Thirty Knots/Columbia,28,-1,46,7588436,singer-songwriter pop,65
196,spotify:track:5uCax9HTNlzGybIStD3vDh,James Arthur,Say You Won't Let Go,Columbia,7,-1,283,7578111,pop,79
197,spotify:track:5HrIcZOo1DysX53qDRlRnt,"TAEYANG, LISA",Shoong! (feat. LISA of BLACKPINK),THEBLACKLABEL/Interscope Records,197,-1,1,7575710,k-pop,63
198,spotify:track:2K9kZpwD2CzTa6iiSYYOoO,Marília Mendonça,Leão,Som Livre,48,200,17,7537515,arrocha,77
199,spotify:track:3EaJDYHA0KnX88JvDhL9oa,Steve Lacy,Dark Red,Three Quarter,66,197,90,7533147,afrofuturism,79
200,spotify:track:2AaaE0qvFWtyT8srKNfRhH,Raim Laode,Komang,Raim Laode,61,-1,10,7526476,indonesian pop,61
