rank,uri,artist_names,track_name,source,peak_rank,previous_rank,weeks_on_chart,streams
1,"spotify:track:0yLdNVWF3Srea0uzk55zFn","Miley Cyrus","Flowers","Columbia",1,1,4,"80533496"
2,"spotify:track:1Qrg8KqiBpW07V7PNxwwwL","SZA","Kill Bill","Top Dawg Entertainment/RCA Records",1,3,9,"48524173"
3,"spotify:track:4nrPB8O7Y7wsOCJdgXkthe","Bizarrap, Shakira","Shakira: Bzrp Music Sessions, Vol. 53","DALE PLAY Records",2,2,5,"46619699"
4,"spotify:track:0NZPBYD5qbEWRs3PrGiRkT","Sam Smith, Kim Petras","Unholy (feat. Kim Petras)","Capitol Records UK / EMI",1,5,20,"39324290"
5,"spotify:track:2dHHgzDwk4BJdRwy9uXhTO","Metro Boomin, The Weeknd, 21 Savage","Creepin' (with The Weeknd & 21 Savage)","Republic Records",2,4,10,"31906846"
6,"spotify:track:4Dvkj6JhhA12EX05fT7y2e","Harry Styles","As It Was","Columbia",1,6,45,"31205712"
7,"spotify:track:5ww2BF9slyYgNOk37BlC4u","Manuel Turizo","La Bachata","Sony Music Latin/La Industria",4,8,32,"26088682"
8,"spotify:track:4FAKtPVycI4DxoOHC01YqD","Yandel, Feid","Yandel 150","La Leyenda LLC",8,11,5,"25158922"
9,"spotify:track:4uUG5RXrOk84mYEfFvj3cK","David Guetta, Bebe Rexha","I'm Good (Blue)","Parlophone UK",2,7,24,"25155955"
10,"spotify:track:5mHdCZtVyb4DcJw8799hZp","RAYE, 070 Shake","Escapism.","Human Re Sources",10,12,11,"24144352"
11,"spotify:track:0WtM2NBVQNNJLh6scP13H8","Rema, Selena Gomez","Calm Down (with Selena Gomez)","Mavin Records / Jonzing World",9,9,24,"24028662"
12,"spotify:track:0V3wPSX9ygBnCm8psDIegu","Taylor Swift","Anti-Hero","Taylor Swift",1,10,16,"23482724"
13,"spotify:track:2LBqCSwhJGcFQeTHMVGwy3","The Weeknd","Die For You","Universal Republic Records",13,17,52,"22240651"
14,"spotify:track:2mnXxnrX5vCGolNkaFvVeM","Arcángel, Bad Bunny","La Jumpa","Rimas Entertainment LLC.",8,13,10,"22123157"
15,"spotify:track:78Sw5GDo6AlGwTwanjXbGh","d4vd","Here With Me","Darkroom/Interscope Records",14,14,15,"21588435"
16,"spotify:track:65FftemJ1DbbZ45DUfHJXE","NewJeans","OMG","ADOR",16,21,6,"20739522"
17,"spotify:track:1zsPaEkglFvxjAhrM8yhpr","Ozuna, Feid","Hey Mor","Aura Music Corp.",14,18,17,"20281114"
18,"spotify:track:0JXXNGljqupsJaZsgSbMZV","Miguel","Sure Thing","Jive",14,16,9,"19862616"
19,"spotify:track:3r8RuvgbX9s7ammBn07D3W","NewJeans","Ditto","ADOR",11,19,8,"19803704"
20,"spotify:track:2tTmW7RDtMQtBk7m2rYeSw","Bizarrap, Quevedo","Quevedo: Bzrp Music Sessions, Vol. 52","DALE PLAY Records",1,15,31,"19677032"
21,"spotify:track:5odlY52u43F5BjByhxg7wg","JVKE","golden hour","JVKE",14,20,24,"19521513"
22,"spotify:track:4h9wh7iOZ0GGn8QVp4RAOB","OneRepublic","I Ain't Worried","Interscope Records",7,23,36,"18489756"
23,"spotify:track:7jtQIBanIiJOMS6RyCx6jZ","Tom Odell","Another Love","ITNO/Columbia",15,22,96,"18164507"
24,"spotify:track:2mpoNBkngUEwnaKoBhZ0vl","Peso Pluma, Natanael Cano","PRC","Prajin Parlay Inc dba Prajin Records / Rancho Humilde / Los CT",24,53,2,"17132260"
25,"spotify:track:4sx6NRwL6Ol3V6m9exwGlQ","The Kid LAROI","LOVE AGAIN","Columbia",25,32,2,"16980780"
26,"spotify:track:5XeFesFbtLpXzIVDNQP22n","Arctic Monkeys","I Wanna Be Yours","Domino Recording Co",26,26,31,"16712742"
27,"spotify:track:1bDbXMyjaUIooNwFE9wn0N","Drake, 21 Savage","Rich Flex","OVO / Republic Records",2,25,14,"16473911"
28,"spotify:track:1lRtH4FszTrwwlK5gTSbXO","Natanael Cano, Peso Pluma, Gabito Ballesteros","AMG","WEA Latina",28,41,5,"16342498"
29,"spotify:track:0QHEIqNKsMoOY5urbzN48u","Meghan Trainor","Made You Look","Epic",8,24,16,"16227050"
30,"spotify:track:6Sq7ltF9Qa7SNFBsV5Cogx","Bad Bunny, Chencho Corleone","Me Porto Bonito","Rimas Entertainment LLC",2,36,40,"16031506"
31,"spotify:track:1Y3LN4zO1Edc2EluIoSPJN","Stephen Sanchez, Em Beihold","Until I Found You (with Em Beihold) - Em Beihold Version","Republic Records",10,28,10,"15883423"
32,"spotify:track:0IKeDy5bT9G0bA7ZixRT4A","Fuerza Regida, Grupo Frontera","Bebe Dame","Rancho Humilde/Street Mob Records",20,29,6,"15868767"
33,"spotify:track:1xzi1Jcr7mEi9K2RfzLOqS","Beyoncé","CUFF IT","Parkwood Entertainment/Columbia",13,49,25,"15852114"
34,"spotify:track:561jH07mF1jHuk7KlaeF0s","Eminem","Mockingbird","Aftermath",24,27,17,"15707229"
35,"spotify:track:3Zyk5Vd9WNPNVWxvb0EZTk","KAROL G, Romeo Santos","X SI VOLVEMOS","Universal Music Latino",35,-1,1,"15609367"
36,"spotify:track:2CeKVsFFXG4QzA415QygGb","Feid","Feliz Cumpleaños Ferxxo","UMLE - Latino",33,33,25,"15550518"
37,"spotify:track:59uQI0PADDKeE6UZDTJEe8","Morgan Wallen","Last Night","Big Loud Records / Mercury Records / Republic Records",37,-1,1,"15496299"
38,"spotify:track:1jHgfC8T5KxUyC5Ldw6lk9","Leo Santana","Zona De Perigo","Universal Music Ltda.",38,-1,1,"15329313"
39,"spotify:track:4iZ4pt7kvcaH6Yo8UoZ4s2","SZA","Snooze","Top Dawg Entertainment/RCA Records",39,44,7,"15257539"
40,"spotify:track:54ipXppHLA8U4yqpOFTUhr","Imagine Dragons","Bones","Kid Ina Korner / Interscope",26,35,48,"15201679"
41,"spotify:track:7MXVkk9YMctZqd1Srtv4MB","The Weeknd, Daft Punk","Starboy","Universal Republic Records",1,39,123,"14636372"
42,"spotify:track:4FyesJzVpA39hbYvcseO2d","Lil Uzi Vert","Just Wanna Rock","Generation Now/Atlantic",42,47,16,"14583966"
43,"spotify:track:1xK59OXxi2TAAAbmZK0kBL","d4vd","Romantic Homicide","Darkroom/Interscope Records",17,40,23,"14466394"
44,"spotify:track:4k6Uh1HXdhtusDW5y8Gbvy","Steve Lacy","Bad Habit","L-M Records/RCA Records",10,50,31,"14392218"
45,"spotify:track:0vjeOZ3Ft5jvAi9SBFJm1j","Metro Boomin, Future, Chris Brown","Superhero (Heroes & Villains) [with Future & Chris Brown]","Republic Records",15,34,10,"14348773"
46,"spotify:track:73vIOb4Q7YN6HeJTbscRx5","Oliver Tree, Robin Schulz","Miss You - Bonus Track","Atlantic Records",11,31,18,"14327519"
47,"spotify:track:1IHWl5LamUGEuP4ozKQSXZ","Bad Bunny","Tití Me Preguntó","Rimas Entertainment LLC",4,48,40,"14260965"
48,"spotify:track:5IgjP7X4th6nMNDh4akUHb","Chris Brown","Under The Influence","Chris Brown Entertainment/RCA Records",6,43,29,"14257672"
49,"spotify:track:4WiQA1AGWHFvaxBU6bHghs","Quevedo","PUNTO G","Quevedo",32,38,14,"14132928"
50,"spotify:track:2SiAcexM2p1yX6joESbehd","ROSALÍA","LLYLM","Columbia",46,46,2,"14093360"
51,"spotify:track:6TBzRwnX2oYd8aOrOuyK1p","Oscar Maydon, Junior H","Fin de Semana","Rancho Humilde",51,52,4,"14001041"
52,"spotify:track:2QjOHCTQ1Jl3zawyYOpxh6","The Neighbourhood","Sweater Weather","Columbia",19,45,128,"13990201"
53,"spotify:track:567e29TDzLwZwfDuEpGTwo","The Kid LAROI, Justin Bieber","STAY (with Justin Bieber)","Columbia",1,37,83,"13946111"
54,"spotify:track:2K9kZpwD2CzTa6iiSYYOoO","Marília Mendonça","Leão","Som Livre",48,55,6,"13830736"
55,"spotify:track:6BePGk3eCan4FqaW2X8Qy3","Tiësto, Tate McRae","10:35","Atlantic Records",55,57,8,"13793332"
56,"spotify:track:54ELExv56KCAB4UP9cOCzC","Ñengo Flow, Bad Bunny","Gato de Noche","Rimas Entertainment LLC",25,51,7,"13648690"
57,"spotify:track:3zkyus0njMCL6phZmNNEeN","Central Cee","LET GO","Central Cee",19,30,8,"13552707"
58,"spotify:track:6Um358vY92UBv5DloTRX9L","Carin Leon, Grupo Frontera","Que Vuelvas","BorderKid Records/Sony Music Latin",36,56,6,"13439615"
59,"spotify:track:0CYTGMBYkwUxrj1MWDLrC5","Feid","CHORRITO PA LAS ANIMAS","UMLE - Latino",59,59,7,"13307725"
60,"spotify:track:76OGwb5RA9h4FxQPT33ekc","Rosa Linn","SNAP","Columbia",16,42,31,"13089381"
61,"spotify:track:53tfEupEzQRtVFOeZvk7xq","ROSALÍA","DESPECHÁ","Columbia",5,54,28,"13050788"
62,"spotify:track:6AQbmUe0Qwf5PZnt4HmTXv","PinkPantheress, Ice Spice","Boy's a liar Pt. 2","Warner Records",62,-1,1,"13000179"
63,"spotify:track:6UN73IYd0hZxLi8wFPMQij","Coi Leray","Players","Uptown / Republic Records",63,84,3,"12941900"
64,"spotify:track:5Eax0qFko2dh7Rl2lYs3bx","Bad Bunny","Efecto","Rimas Entertainment LLC",6,66,40,"12596843"
65,"spotify:track:02MWAaffLxlfxAUY7c5dvx","Glass Animals","Heat Waves","Polydor Records",1,61,111,"12456451"
66,"spotify:track:0VjIjW4GlUZAMYd2vXMi3b","The Weeknd","Blinding Lights","Republic Records",1,62,167,"12436000"
67,"spotify:track:3k3NWokhRRkEPhCzPmV8TW","Bad Bunny, Bomba Estéreo","Ojitos Lindos","Rimas Entertainment LLC",3,67,40,"12192349"
68,"spotify:track:1418IuVKQPTYqt7QNJ9RXN","King","Maan Meri Jaan","Warner Music India",40,60,12,"12157613"
69,"spotify:track:6WbAhuwE6fCOriBu5786X1","KAROL G, Ovy On The Drums","CAIRO","Universal Music Latino",69,76,12,"11614411"
70,"spotify:track:6dgUya35uo964z7GZXM07g","Sabrina Carpenter","Nonsense","Island Records",17,63,4,"11573358"
71,"spotify:track:6G12ZafqofSq7YtrMqUm76","Shakira, Ozuna","Monotonía","Sony Music Latin",21,64,16,"11550983"
72,"spotify:track:0B7wvvmu9EISAwZnOpjhNI","Bruno Mars","When I Was Your Man","Atlantic Records",72,75,24,"11396947"
73,"spotify:track:5jQI2r1RdgtuT8S3iG8zFC","Taylor Swift","Lavender Haze","Taylor Swift",2,68,16,"11341193"
74,"spotify:track:4ewazQLXFTDC8XvCbhvtXs","Joji","Glimpse of Us","88rising Music/Warner Records",1,70,35,"11338194"
75,"spotify:track:2GAhgAjOhEmItWLfgisyOn","SZA","Low","Top Dawg Entertainment/RCA Records",29,74,9,"11170647"
76,"spotify:track:11BKm0j4eYoCPPpCONAVwA","Lady Gaga","Bloody Mary","Interscope",31,65,11,"11069658"
77,"spotify:track:26b3oVLrRUaaybJulow9kz","Libianca","People","5K Records Limited",68,91,4,"10877529"
78,"spotify:track:6JIC3hbC28JZKZ8AlAqX8h","Elton John, Dua Lipa, PNAU","Cold Heart - PNAU Remix","EMI",4,72,78,"10838545"
79,"spotify:track:1qEmFfgcLObUfQm0j1W2CK","Harry Styles","Late Night Talking","Columbia",2,93,38,"10792473"
80,"spotify:track:3azJifCSqg9fRij2yKIbWz","Tory Lanez","The Color Violet","One Umbrella Records",70,78,6,"10666163"
81,"spotify:track:1cKHdTo9u0ZymJdPGSh6nq","The Weeknd, Gesaffelstein","I Was Never There","Universal Republic Records",17,79,36,"10650891"
82,"spotify:track:0NO2zL0kw8sGGnaMvHKAZF","Cris Mj, Duki, Nicki Nicole, Standly, Stars Music Chile","Marisola - Remix","Virgin Music Chile",72,77,7,"10582313"
83,"spotify:track:5Y35SjAfXjjG0sFQ3KOxmm","SZA","Nobody Gets Me","Top Dawg Entertainment/RCA Records",12,73,9,"10573085"
84,"spotify:track:6VhuP99TE6gYNQRJIlAWFD","Stephen Sanchez","Until I Found You","Republic Records",20,81,40,"10459876"
86,"spotify:track:2eAvDnpXP5W0cVtiI0PUxV","Ruth B.","Dandelions","Columbia",34,86,78,"10392712"
87,"spotify:track:3i0FkJYlU4MFfYkjFHXXAM","Sam Smith, Calvin Harris, Jessie Reyez","I'm Not Here To Make Friends","Capitol Records UK / EMI",58,58,2,"10377765"
88,"spotify:track:0a4MMyCrzT0En247IhqZbD","NewJeans","Hype Boy","ADOR",78,89,19,"10224730"
89,"spotify:track:1N8TTK1Uoy7UvQNUazfUt5","ThxSoMch","SPIT IN MY FACE!","Elektra (NEK)",67,82,13,"10105167"
90,"spotify:track:46IZ0fSY2mpAiktS3KOqds","Adele","Easy On Me","Columbia",1,111,69,"10046321"
91,"spotify:track:0u2P5u6lvoDfwTYjAADbn4","Billie Eilish, Khalid","lovely (with Khalid)","Darkroom",24,95,251,"9976249"
92,"spotify:track:3hxIUxnT27p5WcmjGUXNwx","Hotel Ugly","Shut up My Moms Calling","Hotel Ugly, under exclusive license to Amuseio AB",89,113,12,"9794289"
93,"spotify:track:68Dni7IE4VyPkTOH9mRWHr","J. Cole","No Role Modelz","Roc Nation Records LLC",76,94,81,"9785575"
94,"spotify:track:58ge6dfP91o9oXMzq3XkIS","Arctic Monkeys","505","Domino/Warner Records",43,90,58,"9747357"
95,"spotify:track:7dSZ6zGTQx66c2GF91xCrb","KAROL G","PROVENZA","Universal Music Latino",6,120,42,"9605676"
96,"spotify:track:0Sfn2TYbpQtCGMBf6C0Y6T","Quevedo, Myke Towers","PLAYA DEL INGLÉS","Quevedo",71,88,8,"9576902"
97,"spotify:track:0o9zmvc5f3EFApU52PPIyW","Fujii Kaze","Shinunoga E-Wa","Universal Music LLC",66,83,23,"9505803"
98,"spotify:track:5QO79kh1waicV47BqGRL3g","The Weeknd","Save Your Tears","Republic Records",2,100,114,"9500858"
99,"spotify:track:0tgVpDi06FyKpA1z0VMD4v","Ed Sheeran","Perfect","Atlantic Records UK",4,105,308,"9489995"
100,"spotify:track:2ksyzVfU0WJoBpu8otr4pz","INTERWORLD","METAMORPHOSIS","INTERWORLD",96,103,8,"9442240"
101,"spotify:track:23Lyy7ZXRvzfgH4JtDkKrX","Grupo Frontera","No Se Va - EN VIVO","Grupo Frontera",36,104,20,"9432354"
102,"spotify:track:7lQ8MOhq6IN2w8EYcFNSUk","Eminem","Without Me","Aftermath",31,98,72,"9414335"
103,"spotify:track:1mea3bSkSGXuIRvnydlB5b","Coldplay","Viva La Vida","Parlophone UK",98,101,24,"9234580"
104,"spotify:track:2J2Z1SkXYghSajLibnQHOa","Sia","Unstoppable","Monkey Puzzle Records/RCA Records",96,96,52,"9214072"
105,"spotify:track:3AJwUDP919kvQ9QcozQPxg","Coldplay","Yellow","Parlophone UK",56,107,112,"9210044"
106,"spotify:track:4FWbsd91QSvgr1dSWwW51e","P!nk","TRUSTFALL","RCA Records Label",106,-1,1,"9200618"
107,"spotify:track:31i56LZnwE6uSu3exoHjtB","Bad Bunny","Neverita","Rimas Entertainment LLC",15,87,40,"9183314"
108,"spotify:track:7qEHsqek33rTcFNT9PFqLf","Lewis Capaldi","Someone You Loved","Vertigo Berlin",4,108,213,"9171351"
109,"spotify:track:1DxEbt6OSbrkRthk6pjZue","LiL CaKe, Migrantes, Nico Valdi","MERCHO","Sony Music Argentina",109,130,2,"9155756"
110,"spotify:track:0O6u0VJ46W86TxN9wgyqDj","Post Malone, Doja Cat","I Like You (A Happier Song) (with Doja Cat)","Mercury Records/Republic Records",10,124,36,"9079757"
111,"spotify:track:5gDWsRxpJ2lZAffh5p7K0w","The Weeknd, Lana Del Rey","Stargirl Interlude","Universal Republic Records",111,132,28,"9067500"
112,"spotify:track:4fsQ0K37TOXa3hEQfjEic1","LE SSERAFIM","ANTIFRAGILE","SOURCE MUSIC",63,102,16,"9013894"
113,"spotify:track:3F5CgOj3wFlRv51JsHbxhe","Drake, 21 Savage","Jimmy Cooks (feat. 21 Savage)","OVO",7,117,34,"9004639"
114,"spotify:track:6HMtHNpW6YPi1hrw9tgF8P","Lizzo","About Damn Time","Nice Life/Atlantic",9,133,39,"8975593"
115,"spotify:track:6UelLqGlWMcVH1E5c4H7lY","Harry Styles","Watermelon Sugar","Columbia",4,129,169,"8970253"
116,"spotify:track:6qyS9qBy0mEk3qYaH8mPss","Kordhell","Murder In My Mind","Kordhell",82,110,26,"8931693"
117,"spotify:track:3WMj8moIAXJhHsyLaqIIHI","Zach Bryan","Something in the Orange","Warner Records",57,115,22,"8858452"
118,"spotify:track:5q86iSKkBtOoNkdgEDY5WV","Quevedo","VISTA AL MAR","Quevedo",45,106,22,"8826094"
119,"spotify:track:3AVrVz5rK8Hrqo9YGiVGN5","Cigarettes After Sex","Apocalypse","Partisan Records",89,121,31,"8819921"
120,"spotify:track:3NanY0K4okhIQzL33U5Ad8","PinkPantheress","Boy's a Liar","Warner Records",120,-1,4,"8796527"
121,"spotify:track:1oFAF1hdPOickyHgbuRjyX","The Weeknd, Ariana Grande","Save Your Tears (Remix) (with Ariana Grande) - Bonus Track","XO / Republic Records",5,114,91,"8782677"
122,"spotify:track:0T2pB7P1VdXPhLdQZ488uH","Feid","Normal","UMLE - Latino",57,131,27,"8750250"
123,"spotify:track:50x1Ic8CaXkYNvjmxe3WXy","New West","Those Eyes","Republic Records",97,97,6,"8731721"
124,"spotify:track:1aUq8rjW1EwkAkMri4VfJy","Rauw Alejandro, Lyanno, Brray","LOKERA","Sony Music Latin/Duars Entertainment",38,92,26,"8699327"
125,"spotify:track:61AZsmFB3VoJdmraMk5ZSn","TAEYANG, Jimin","VIBE (feat. Jimin of BTS)","THEBLACKLABEL/Interscope Records",32,85,4,"8674806"
126,"spotify:track:4o6v3Oooyt7HF20idztRD4","Israel & Rodolffo, Ana Castela","Bombonzinho - Ao Vivo","Som Livre",80,109,13,"8671701"
127,"spotify:track:2wSTnntOPRi7aQneobFtU4","SZA","Shirt","Top Dawg Entertainment/RCA Records",21,126,15,"8667230"
128,"spotify:track:6sCvvleqKbeyOkQDieBYgp","Rihanna","Lift Me Up - From Black Panther: Wakanda Forever - Music From and Inspired By","Roc Nation/Def Jam/Hollywood",11,143,15,"8611360"
129,"spotify:track:09mEdoA6zrmBPgTEN5qXmN","The Weeknd","Call Out My Name","Universal Republic Records",1,118,68,"8521857"
130,"spotify:track:5Odq8ohlgIbQKMZivbWkEo","Charlie Puth, Jung Kook, BTS","Left and Right (Feat. Jung Kook of BTS)","Atlantic Records",7,122,33,"8498516"
131,"spotify:track:38T0tPVZHcPZyhtOcCP7pF","Lil Nas X","STAR WALKIN' (League of Legends Worlds Anthem)","Columbia",22,112,20,"8492936"
132,"spotify:track:7gRFDGEzF9UkBV233yv2dc","BLACKPINK","Shut Down","YG Entertainment/Interscope Records",1,135,21,"8449319"
133,"spotify:track:6OzUIp8KjuwxJnCWkXp1uL","Wisin & Yandel, ROSALÍA","Besos Moja2","Sony Music Latin",64,116,19,"8448311"
134,"spotify:track:3xWGA8pa0IKFI7IMPri4P0","Ed Sheeran","Shivers","Atlantic Records UK",4,146,74,"8439456"
135,"spotify:track:0pqnGHJpmpxLKifKRmU6WP","Imagine Dragons","Believer","Kid Ina Korner / Interscope",16,125,314,"8401769"
136,"spotify:track:3yfqSUWxFvZELEM4PmlwIR","Eminem","The Real Slim Shady","Interscope",51,134,88,"8388922"
137,"spotify:track:7j4OmvkjRz0PrjFADlHfQx","Adele","Set Fire to the Rain","XL Recordings",61,156,9,"8357325"
138,"spotify:track:5uCax9HTNlzGybIStD3vDh","James Arthur","Say You Won't Let Go","Columbia",7,194,273,"8339729"
139,"spotify:track:7DbdUf8aHSYoliSjO6LZv6","Beach Weather","Sex, Drugs, Etc.","8123 / Arista Records",58,140,26,"8314565"
140,"spotify:track:7EAMXbLcL0qXmciM5SwMh2","Mac DeMarco","Heart To Heart","Mac’s Record Label",112,159,4,"8284017"
141,"spotify:track:4woTEX1wYOTGDqNXuavlRC","Eminem, Dina Rae","Superman","Aftermath",108,138,19,"8276828"
142,"spotify:track:4a9tbd947vo9K8Vti9JwcI","BTS, Halsey","Boy With Luv (feat. Halsey)","BIGHIT MUSIC",3,-1,47,"8276196"
143,"spotify:track:1u8c2t2Cy7UBoG4ArRcF5g","Taylor Swift","Blank Space","Big Machine Records, LLC",113,128,61,"8270999"
144,"spotify:track:7yq4Qj7cqayVTp3FF9CWbm","Vance Joy","Riptide","Atlantic Records",85,136,104,"8269939"
145,"spotify:track:3RKjTYlQrtLXCq5ncswBPp","Baby Tate","Hey, Mickey!","Yung Baby Tate",69,69,2,"8239588"
146,"spotify:track:5O2P9iiztwhomNh8xkR9lJ","One Direction","Night Changes","Syco Music",108,161,36,"8208199"
147,"spotify:track:6Xom58OOXk2SoU711L2IXO","Bad Bunny","Moscow Mule","Rimas Entertainment LLC",2,145,40,"8196642"
148,"spotify:track:4VsP4Dm8gsibRxB5I2hEkw","Kaifi Khalil","Kahani Suno 2.0","1944121 Records DK",148,-1,1,"8184223"
149,"spotify:track:3BnDvpeuGOj21Ir2aVEtQo","Rema","Calm Down","Mavin Records / Jonzing World",73,119,31,"8181232"
150,"spotify:track:46HNZY1i7O6jwTA7Slo2PI","Coldplay, BTS","My Universe","Parlophone UK",3,198,65,"8177504"
151,"spotify:track:4SqWKzw0CbA05TGszDgMlc","The Walters","I Love You So","Warner Records",21,148,70,"8156590"
152,"spotify:track:3CIyK1V4JEJkg02E4EJnDl","Imagine Dragons, JID, Arcane, League of Legends","Enemy (with JID) - from the series Arcane League of Legends","Kid Ina Korner / Interscope",3,137,67,"8102101"
153,"spotify:track:5jt25aFjW2kNoBqaEVaz5W","Mora, Feid","LA INOCENTE","Rimas Entertainment LLC",74,139,29,"8086618"
154,"spotify:track:1FEiijYPJtyswChfcpv3p0","Lana Del Rey","Summertime Sadness","Urban",94,150,26,"8018808"
155,"spotify:track:6FAYpZ4jve8vpvTwUvjK6H","Vishal-Shekhar, Arijit Singh, Sukriti Kakar, Vishal Dadlani, Shekhar Ravjiani, Kumaar","Jhoome Jo Pathaan","YRF Music",127,127,2,"8012496"
156,"spotify:track:4rPJSqrov3zqGwXlemLBMw","RAYE, 070 Shake","Escapism. - Sped Up","Human Re Sources",58,123,6,"7995816"
157,"spotify:track:5TXDeTFVRVY7Cvt0Dw4vWW","XXXTENTACION","Revenge","Bad Vibes Forever / EMPIRE",63,151,49,"7994897"
158,"spotify:track:5FVd6KXrgO9B3JPmC8OPst","Arctic Monkeys","Do I Wanna Know?","Domino Recording Co",98,142,73,"7965499"
159,"spotify:track:6I3mqTwhRpn34SLVafSH7G","Justin Bieber","Ghost","RBMG/Def Jam",11,158,73,"7922690"
160,"spotify:track:7fBv7CLKzipRk6EC6TWHOB","The Weeknd","The Hills","Universal Republic Records",52,152,75,"7881315"
161,"spotify:track:7H0ya83CMmgFcOhw0UB6ow","Beach House","Space Song","Sub Pop Records",119,154,19,"7865957"
162,"spotify:track:5g7sDjBhZ4I3gcFIpkrLuI","Bruno Mars","Locked out of Heaven","Atlantic Records",106,170,50,"7856846"
163,"spotify:track:1RDvyOk4WtPCtoqciJwVn8","Jung Kook, BTS, FIFA Sound","Dreamers [Music from the FIFA World Cup Qatar 2022 Official Soundtrack]","Katara Studios | 2101 Records under exclusive license to UnitedMasters LLC",14,149,12,"7820576"
164,"spotify:track:0UbesRsX2TtiCeamOIVEkp","Fuerza Regida, Natanael Cano","Ch y la Pizza","Rancho Humilde/Street Mob Records",164,179,3,"7813074"
165,"spotify:track:3rWDp9tBPQR9z6U5YyRSK4","Taylor Swift","Midnight Rain","Taylor Swift",4,141,16,"7808778"
166,"spotify:track:22skzmqfdWrjJylampe0kt","Macklemore & Ryan Lewis, Macklemore, Ryan Lewis, Ray Dalton","Can't Hold Us (feat. Ray Dalton)","Macklemore",107,157,53,"7732206"
167,"spotify:track:0fea68AdmYNygeTGI4RC18","J Balvin, Bad Bunny","LA CANCIÓN","Universal Music Latino / Rimas",17,168,103,"7693980"
168,"spotify:track:2rurDawMfoKP4uHyb2kJBt","Shakira, Rauw Alejandro","Te Felicito","Sony Music Latin",13,147,39,"7680424"
169,"spotify:track:1PAvhqefivTNdxZ4u8RT1d","TINI, La Joaqui, Steve Aoki","Muñecas","5020 Records",169,184,3,"7676008"
170,"spotify:track:1v7L65Lzy0j0vdpRjJewt1","Eminem","Lose Yourself","Aftermath",44,176,109,"7662506"
171,"spotify:track:3GYlZ7tbxLOxe6ewMNVTkw","Billie Eilish","TV","Darkroom/Interscope Records",27,160,16,"7659758"
172,"spotify:track:2tpWsVSb9UEmDRxAl1zhX1","OneRepublic","Counting Stars","Mosley / Interscope",101,173,95,"7657732"
173,"spotify:track:4H6o1bxKRGzmsE0vzo968m","Yuridia, Ángela Aguilar","Qué Agonía","Sony Music México",128,163,8,"7630339"
174,"spotify:track:5QM0SsyzmBM0pbFY52Xj1X","Sam Smith","I'm Not The Only One","Capitol",82,188,24,"7602650"
175,"spotify:track:0RiRZpuVRbi7oqRdSMwhQY","Post Malone, Swae Lee","Sunflower - Spider-Man: Into the Spider-Verse","Republic Records",1,191,220,"7570906"
176,"spotify:track:086myS9r57YsLbJpU0TgK9","Arctic Monkeys","Why'd You Only Call Me When You're High?","Domino Recording Co",104,169,64,"7551434"
177,"spotify:track:4h4QlmocP3IuwYEj2j14p8","Nicky Youre, dazy","Sunroof","Thirty Knots/Columbia",28,166,40,"7550115"
178,"spotify:track:4xqrdfXkTW4T0RauPLv3WA","Conan Gray","Heather","Republic Records",12,180,133,"7526876"
179,"spotify:track:0ll8uFnc0nANY35E0Lfxvg","Keane","Somewhere Only We Know","Interscope",120,164,17,"7515830"
180,"spotify:track:0CtZpaOhtzvLV3FfcsVpQo","Vishal-Shekhar, Shilpa Rao, Caralisa Monteiro, Vishal Dadlani, Shekhar Ravjiani, Kumaar","Besharam Rang (From ""Pathaan"")","YRF Music",162,162,2,"7501706"
181,"spotify:track:7ef4DlsgrMEH11cDZd32M6","Calvin Harris, Dua Lipa","One Kiss (with Dua Lipa)","Sony Music UK",2,171,108,"7500451"
182,"spotify:track:0rhI6gvOeCKA502RdJAbfs","TOMORROW X TOGETHER","Sugar Rush Ride","Republic Records - TXT",71,71,2,"7488497"
183,"spotify:track:4RvWPyQ5RL0ao9LPZeSouE","Tears For Fears","Everybody Wants To Rule The World","UMC (Universal Music Catalogue)",105,172,28,"7372745"
184,"spotify:track:1Fuc3pBiPFxAeSJoO8tDh5","El Chachito, Junior H","En Paris","Rancho Humilde",184,-1,1,"7328430"
185,"spotify:track:7qiZfU4dY1lWllzX7mPBI3","Ed Sheeran","Shape of You","Atlantic Records UK",1,193,303,"7298241"
186,"spotify:track:5zwwW9Oq7ubSxoCGyW1nbY","BLACKPINK","Pink Venom","YG Entertainment/Interscope Records",2,181,25,"7278759"
187,"spotify:track:0Iozrbed8spxoBnmtBMshO","Quevedo","WANDA","Quevedo",175,-1,2,"7263414"
188,"spotify:track:59nOXPmaKlBfGMDeOVGrIK","Future, Drake, Tems","WAIT FOR U (feat. Drake & Tems)","Epic/Freebandz",10,196,38,"7254899"
189,"spotify:track:1DIXPcTDzTj8ZMHt3PDt8p","Coolio, L.V.","Gangsta's Paradise","Tommy Boy Music, LLC",40,177,63,"7242957"
190,"spotify:track:3PfIrDoz19wz7qK7tYeu62","Dua Lipa","Don't Start Now","Warner Records",2,-1,159,"7211316"
191,"spotify:track:5FkJHVudUByVjanCqFXRql","Mr.Kitty","After Dark","Negative Gain Productions",112,175,40,"7177126"
192,"spotify:track:3cJjqvXbFwiWgnuWgoyhPM","Steve Lacy","Dark Red","Three Quarter",66,144,79,"7163522"
193,"spotify:track:4ASA1PZyWGbuc4d9N8OAcF","Gustavo Mioto, Mari Fernandez","Eu Gosto Assim - Ao Vivo","Universal Music Ltda.",99,186,18,"7143097"
194,"spotify:track:5Z9KJZvQzH6PFmb8SNkxuk","Lil Nas X, Jack Harlow","INDUSTRY BABY (feat. Jack Harlow)","Columbia",2,185,81,"7141718"
195,"spotify:track:5qaEfEh1AtSdrdrByCP7qR","Imagine Dragons","Demons","Kid Ina Korner / Interscope",147,-1,14,"7140950"
196,"spotify:track:2HbKqm4o0w5wEeEFXm2sD4","Kendrick Lamar, Jay Rock","Money Trees","Aftermath",143,-1,9,"7139067"
197,"spotify:track:58HvfVOeJY7lUuCqF0m3ly","Elley Duhé","MIDDLE OF THE NIGHT","Not Fit For Society/RCA Records",11,187,59,"7132681"
198,"spotify:track:1Fid2jjqsHViMX6xNH70hE","Seafret","Atlantis","Sweet Jane Recordings",63,183,26,"7125732"
199,"spotify:track:7BqBn9nzAq8spo5e7cZ0dJ","Bruno Mars","Just the Way You Are","Atlantic Records",133,-1,28,"7122053"
200,"spotify:track:4UGqAW9i7NtE5mW9xzm6yk","Rauw Alejandro, Baby Rasta","PUNTO 40","Sony Music Latin/Duars Entertainment",48,153,18,"7079177"
